run.order,std.order,ultrasound,time,force,gold,chrome,temperature,measurement_1,measurement_2,measurement_3,measurement_4,measurement_5,measurement_6,measurement_7,measurement_8,measurement_9,measurement_10
1,2,210,150,200,40,6,100,NA,NA,NA,NA,NA,NA,NA,NA,NA,NA
2,16,160,250,250,70,10,100,NA,NA,NA,NA,NA,NA,NA,NA,NA,NA
3,36,160,250,200,70,10,50,NA,NA,NA,NA,NA,NA,NA,NA,NA,NA
4,33,160,150,200,70,2,50,NA,NA,NA,NA,NA,NA,NA,NA,NA,NA
5,43,110,200,250,70,6,50,NA,NA,NA,NA,NA,NA,NA,NA,NA,NA
6,27,110,200,200,100,2,100,NA,NA,NA,NA,NA,NA,NA,NA,NA,NA
7,12,160,250,250,70,2,100,NA,NA,NA,NA,NA,NA,NA,NA,NA,NA
8,35,160,150,200,70,10,50,NA,NA,NA,NA,NA,NA,NA,NA,NA,NA
9,42,210,200,150,70,6,50,NA,NA,NA,NA,NA,NA,NA,NA,NA,NA
10,41,110,200,150,70,6,50,NA,NA,NA,NA,NA,NA,NA,NA,NA,NA
11,4,210,250,200,40,6,100,NA,NA,NA,NA,NA,NA,NA,NA,NA,NA
12,7,110,250,200,100,6,100,NA,NA,NA,NA,NA,NA,NA,NA,NA,NA
13,48,210,200,250,70,6,150,NA,NA,NA,NA,NA,NA,NA,NA,NA,NA
14,38,160,250,200,70,2,150,NA,NA,NA,NA,NA,NA,NA,NA,NA,NA
15,5,110,150,200,100,6,100,NA,NA,NA,NA,NA,NA,NA,NA,NA,NA
16,45,110,200,150,70,6,150,NA,NA,NA,NA,NA,NA,NA,NA,NA,NA
17,39,160,150,200,70,10,150,NA,NA,NA,NA,NA,NA,NA,NA,NA,NA
18,23,160,200,150,100,6,150,NA,NA,NA,NA,NA,NA,NA,NA,NA,NA
19,1,110,150,200,40,6,100,NA,NA,NA,NA,NA,NA,NA,NA,NA,NA
20,25,110,200,200,40,2,100,NA,NA,NA,NA,NA,NA,NA,NA,NA,NA
21,46,210,200,150,70,6,150,NA,NA,NA,NA,NA,NA,NA,NA,NA,NA
22,34,160,250,200,70,2,50,NA,NA,NA,NA,NA,NA,NA,NA,NA,NA
23,21,160,200,150,40,6,150,NA,NA,NA,NA,NA,NA,NA,NA,NA,NA
24,6,210,150,200,100,6,100,NA,NA,NA,NA,NA,NA,NA,NA,NA,NA
25,18,160,200,250,40,6,50,NA,NA,NA,NA,NA,NA,NA,NA,NA,NA
26,15,160,150,250,70,10,100,NA,NA,NA,NA,NA,NA,NA,NA,NA,NA
27,49,160,200,200,70,6,100,NA,NA,NA,NA,NA,NA,NA,NA,NA,NA
28,31,110,200,200,100,10,100,NA,NA,NA,NA,NA,NA,NA,NA,NA,NA
29,10,160,250,150,70,2,100,NA,NA,NA,NA,NA,NA,NA,NA,NA,NA
30,22,160,200,250,40,6,150,NA,NA,NA,NA,NA,NA,NA,NA,NA,NA
31,17,160,200,150,40,6,50,NA,NA,NA,NA,NA,NA,NA,NA,NA,NA
32,30,210,200,200,40,10,100,NA,NA,NA,NA,NA,NA,NA,NA,NA,NA
33,24,160,200,250,100,6,150,NA,NA,NA,NA,NA,NA,NA,NA,NA,NA
34,9,160,150,150,70,2,100,NA,NA,NA,NA,NA,NA,NA,NA,NA,NA
35,3,110,250,200,40,6,100,NA,NA,NA,NA,NA,NA,NA,NA,NA,NA
36,51,160,200,200,70,6,100,NA,NA,NA,NA,NA,NA,NA,NA,NA,NA
37,8,210,250,200,100,6,100,NA,NA,NA,NA,NA,NA,NA,NA,NA,NA
38,28,210,200,200,100,2,100,NA,NA,NA,NA,NA,NA,NA,NA,NA,NA
39,14,160,250,150,70,10,100,NA,NA,NA,NA,NA,NA,NA,NA,NA,NA
40,32,210,200,200,100,10,100,NA,NA,NA,NA,NA,NA,NA,NA,NA,NA
41,29,110,200,200,40,10,100,NA,NA,NA,NA,NA,NA,NA,NA,NA,NA
42,37,160,150,200,70,2,150,NA,NA,NA,NA,NA,NA,NA,NA,NA,NA
43,13,160,150,150,70,10,100,NA,NA,NA,NA,NA,NA,NA,NA,NA,NA
44,50,160,200,200,70,6,100,NA,NA,NA,NA,NA,NA,NA,NA,NA,NA
45,11,160,150,250,70,2,100,NA,NA,NA,NA,NA,NA,NA,NA,NA,NA
46,40,160,250,200,70,10,150,NA,NA,NA,NA,NA,NA,NA,NA,NA,NA
47,47,110,200,250,70,6,150,NA,NA,NA,NA,NA,NA,NA,NA,NA,NA
48,19,160,200,150,100,6,50,NA,NA,NA,NA,NA,NA,NA,NA,NA,NA
49,44,210,200,250,70,6,50,NA,NA,NA,NA,NA,NA,NA,NA,NA,NA
50,20,160,200,250,100,6,50,NA,NA,NA,NA,NA,NA,NA,NA,NA,NA
51,26,210,200,200,40,2,100,NA,NA,NA,NA,NA,NA,NA,NA,NA,NA
