Style,Standard
Append Mode,1
Fill Mode,1
Capacity,100000
Count,401
Base Time Seconds,1639857810
Base Time Fractional,.651956120
Base Time,12/18/2021 20:03:30.651956120
Index,Reading,Unit,Range Digits,Disp Digits,Math,Start Group,Limit1 High,Limit1 Low,Limit2 High,Limit2 Low,Terminal,Questionable,Origin,Value,Unit,Digits,Output,Sense,Source Limit,Overtemp,Date,Time,Fractional Seconds
1,-3.16685844215e-11,Amp DC,.0000001,5.5,F,F,F,F,F,F,Front,F,Main,-0.0023262512404,Volt DC,100,T,2W,F,F,12/18/2021,20:03:30,.651956120
2,1.708914432186e-08,Amp DC,.0000001,5.5,F,F,F,F,F,F,Front,F,Main,0.4976927638054,Volt DC,100,T,2W,F,F,12/18/2021,20:03:31,.047838900
3,1.678376193581e-08,Amp DC,.0000001,5.5,F,F,F,F,F,F,Front,F,Main,0.9980097413063,Volt DC,100,T,2W,F,F,12/18/2021,20:03:31,.443693340
4,1.697918250443e-08,Amp DC,.0000001,5.5,F,F,F,F,F,F,Front,F,Main,1.4977421760559,Volt DC,100,T,2W,F,F,12/18/2021,20:03:31,.839549140
5,1.714021280463e-08,Amp DC,.0000001,5.5,F,F,F,F,F,F,Front,F,Main,1.9977614879608,Volt DC,100,T,2W,F,F,12/18/2021,20:03:32,.235407640
6,1.705821972564e-08,Amp DC,.0000001,5.5,F,F,F,F,F,F,Front,F,Main,2.4980084896088,Volt DC,100,T,2W,F,F,12/18/2021,20:03:32,.631289160
7,1.683229200466e-08,Amp DC,.0000001,5.5,F,F,F,F,F,F,Front,F,Main,2.9979367256165,Volt DC,100,T,2W,F,F,12/18/2021,20:03:33,.027135260
8,1.670680482846e-08,Amp DC,.0000001,5.5,F,F,F,F,F,F,Front,F,Main,3.4978632926941,Volt DC,100,T,2W,F,F,12/18/2021,20:03:33,.422988520
9,1.702932372893e-08,Amp DC,.0000001,5.5,F,F,F,F,F,F,Front,F,Main,3.9977571964264,Volt DC,100,T,2W,F,F,12/18/2021,20:03:33,.818826260
10,1.713324593311e-08,Amp DC,.0000001,5.5,F,F,F,F,F,F,Front,F,Main,4.4979352951050,Volt DC,100,T,2W,F,F,12/18/2021,20:03:34,.214675820
11,1.708380992227e-08,Amp DC,.0000001,5.5,F,F,F,F,F,F,Front,F,Main,4.9982614517212,Volt DC,100,T,2W,F,F,12/18/2021,20:03:34,.610524560
12,1.672500893335e-08,Amp DC,.0000001,5.5,F,F,F,F,F,F,Front,F,Main,5.4982137680054,Volt DC,100,T,2W,F,F,12/18/2021,20:03:35,.006391620
13,1.679057248793e-08,Amp DC,.0000001,5.5,F,F,F,F,F,F,Front,F,Main,5.9985418319702,Volt DC,100,T,2W,F,F,12/18/2021,20:03:35,.402252980
14,1.706573016236e-08,Amp DC,.0000001,5.5,F,F,F,F,F,F,Front,F,Main,6.4983301162720,Volt DC,100,T,2W,F,F,12/18/2021,20:03:35,.798146820
15,1.709338448563e-08,Amp DC,.0000001,5.5,F,F,F,F,F,F,Front,F,Main,6.9984173774719,Volt DC,100,T,2W,F,F,12/18/2021,20:03:36,.193999940
16,1.703810070808e-08,Amp DC,.0000001,5.5,F,F,F,F,F,F,Front,F,Main,7.4984035491943,Volt DC,100,T,2W,F,F,12/18/2021,20:03:36,.589858280
17,1.667554094809e-08,Amp DC,.0000001,5.5,F,F,F,F,F,F,Front,F,Main,7.9982953071594,Volt DC,100,T,2W,F,F,12/18/2021,20:03:36,.985700160
18,1.685749850822e-08,Amp DC,.0000001,5.5,F,F,F,F,F,F,Front,F,Main,8.4983730316162,Volt DC,100,T,2W,F,F,12/18/2021,20:03:37,.381567680
19,1.708819397095e-08,Amp DC,.0000001,5.5,F,F,F,F,F,F,Front,F,Main,8.9982213973999,Volt DC,100,T,2W,F,F,12/18/2021,20:03:37,.777428900
20,1.708081143192e-08,Amp DC,.0000001,5.5,F,F,F,F,F,F,Front,F,Main,9.4984846115112,Volt DC,100,T,2W,F,F,12/18/2021,20:03:38,.173290000
21,1.697402218781e-08,Amp DC,.0000001,5.5,F,F,F,F,F,F,Front,F,Main,9.9983406066895,Volt DC,100,T,2W,F,F,12/18/2021,20:03:38,.569152720
22,1.669004845439e-08,Amp DC,.0000001,5.5,F,F,F,F,F,F,Front,F,Main,10.4982337951660,Volt DC,100,T,2W,F,F,12/18/2021,20:03:38,.965014760
23,1.691626572153e-08,Amp DC,.0000001,5.5,F,F,F,F,F,F,Front,F,Main,10.9983892440796,Volt DC,100,T,2W,F,F,12/18/2021,20:03:39,.360867920
24,1.709137187333e-08,Amp DC,.0000001,5.5,F,F,F,F,F,F,Front,F,Main,11.4981622695923,Volt DC,100,T,2W,F,F,12/18/2021,20:03:39,.756711360
25,1.710981223368e-08,Amp DC,.0000001,5.5,F,F,F,F,F,F,Front,F,Main,11.9986000061035,Volt DC,100,T,2W,F,F,12/18/2021,20:03:40,.152554220
26,1.698104057368e-08,Amp DC,.0000001,5.5,F,F,F,F,F,F,Front,F,Main,12.4986047744751,Volt DC,100,T,2W,F,F,12/18/2021,20:03:40,.548426760
27,1.679318550885e-08,Amp DC,.0000001,5.5,F,F,F,F,F,F,Front,F,Main,12.9989099502563,Volt DC,100,T,2W,F,F,12/18/2021,20:03:40,.944289940
28,1.698994012145e-08,Amp DC,.0000001,5.5,F,F,F,F,F,F,Front,F,Main,13.4987878799438,Volt DC,100,T,2W,F,F,12/18/2021,20:03:41,.340151900
29,1.71051404152e-08,Amp DC,.0000001,5.5,F,F,F,F,F,F,Front,F,Main,13.9987726211548,Volt DC,100,T,2W,F,F,12/18/2021,20:03:41,.736015680
30,1.716998987433e-08,Amp DC,.0000001,5.5,F,F,F,F,F,F,Front,F,Main,14.4988632202148,Volt DC,100,T,2W,F,F,12/18/2021,20:03:42,.131875620
31,1.702390761693e-08,Amp DC,.0000001,5.5,F,F,F,F,F,F,Front,F,Main,14.9986648559570,Volt DC,100,T,2W,F,F,12/18/2021,20:03:42,.527756100
32,1.682611205922e-08,Amp DC,.0000001,5.5,F,F,F,F,F,F,Front,F,Main,15.4988174438477,Volt DC,100,T,2W,F,F,12/18/2021,20:03:42,.923605380
33,1.707579855292e-08,Amp DC,.0000001,5.5,F,F,F,F,F,F,Front,F,Main,15.9988822937012,Volt DC,100,T,2W,F,F,12/18/2021,20:03:43,.319479840
34,1.716938946572e-08,Amp DC,.0000001,5.5,F,F,F,F,F,F,Front,F,Main,16.4988098144531,Volt DC,100,T,2W,F,F,12/18/2021,20:03:43,.715325280
35,1.726160547832e-08,Amp DC,.0000001,5.5,F,F,F,F,F,F,Front,F,Main,16.9989490509033,Volt DC,100,T,2W,F,F,12/18/2021,20:03:44,.111163360
36,1.697677021184e-08,Amp DC,.0000001,5.5,F,F,F,F,F,F,Front,F,Main,17.4986743927002,Volt DC,100,T,2W,F,F,12/18/2021,20:03:44,.507035160
37,1.689351591949e-08,Amp DC,.0000001,5.5,F,F,F,F,F,F,Front,F,Main,17.9987506866455,Volt DC,100,T,2W,F,F,12/18/2021,20:03:44,.902891800
38,1.710992059145e-08,Amp DC,.0000001,5.5,F,F,F,F,F,F,Front,F,Main,18.4987945556641,Volt DC,100,T,2W,F,F,12/18/2021,20:03:45,.298746600
39,1.725809894992e-08,Amp DC,.0000001,5.5,F,F,F,F,F,F,Front,F,Main,18.9990615844727,Volt DC,100,T,2W,F,F,12/18/2021,20:03:45,.694593820
40,1.725187459556e-08,Amp DC,.0000001,5.5,F,F,F,F,F,F,Front,F,Main,19.4993610382080,Volt DC,100,T,2W,F,F,12/18/2021,20:03:46,.090447800
41,1.688484729812e-08,Amp DC,.0000001,5.5,F,F,F,F,F,F,Front,F,Main,19.9991607666016,Volt DC,100,T,2W,F,F,12/18/2021,20:03:46,.486302740
42,1.696537488272e-08,Amp DC,.0000001,5.5,F,F,F,F,F,F,Front,F,Main,20.4992599487305,Volt DC,100,T,2W,F,F,12/18/2021,20:03:46,.882143920
43,1.715381436895e-08,Amp DC,.0000001,5.5,F,F,F,F,F,F,Front,F,Main,20.9991397857666,Volt DC,100,T,2W,F,F,12/18/2021,20:03:47,.277994800
44,1.72378591401e-08,Amp DC,.0000001,5.5,F,F,F,F,F,F,Front,F,Main,21.4991016387939,Volt DC,100,T,2W,F,F,12/18/2021,20:03:47,.673824260
45,1.715882902431e-08,Amp DC,.0000001,5.5,F,F,F,F,F,F,Front,F,Main,21.9992351531982,Volt DC,100,T,2W,F,F,12/18/2021,20:03:48,.069673040
46,1.687905637482e-08,Amp DC,.0000001,5.5,F,F,F,F,F,F,Front,F,Main,22.4992504119873,Volt DC,100,T,2W,F,F,12/18/2021,20:03:48,.465534640
47,1.708753671892e-08,Amp DC,.0000001,5.5,F,F,F,F,F,F,Front,F,Main,22.9992103576660,Volt DC,100,T,2W,F,F,12/18/2021,20:03:48,.861395200
48,1.723138254306e-08,Amp DC,.0000001,5.5,F,F,F,F,F,F,Front,F,Main,23.4991283416748,Volt DC,100,T,2W,F,F,12/18/2021,20:03:49,.257256040
49,1.723357101469e-08,Amp DC,.0000001,5.5,F,F,F,F,F,F,Front,F,Main,23.9991664886475,Volt DC,100,T,2W,F,F,12/18/2021,20:03:49,.653114300
50,1.706900576437e-08,Amp DC,.0000001,5.5,F,F,F,F,F,F,Front,F,Main,24.4991855621338,Volt DC,100,T,2W,F,F,12/18/2021,20:03:50,.048978400
51,1.68746741025e-08,Amp DC,.0000001,5.5,F,F,F,F,F,F,Front,F,Main,24.9990024566650,Volt DC,100,T,2W,F,F,12/18/2021,20:03:50,.444820060
52,1.719953068857e-08,Amp DC,.0000001,5.5,F,F,F,F,F,F,Front,F,Main,25.4987506866455,Volt DC,100,T,2W,F,F,12/18/2021,20:03:50,.840687820
53,1.729984866472e-08,Amp DC,.0000001,5.5,F,F,F,F,F,F,Front,F,Main,25.9984607696533,Volt DC,100,T,2W,F,F,12/18/2021,20:03:51,.236542660
54,1.727101661686e-08,Amp DC,.0000001,5.5,F,F,F,F,F,F,Front,F,Main,26.4988079071045,Volt DC,100,T,2W,F,F,12/18/2021,20:03:51,.632416180
55,1.697156193359e-08,Amp DC,.0000001,5.5,F,F,F,F,F,F,Front,F,Main,26.9988689422607,Volt DC,100,T,2W,F,F,12/18/2021,20:03:52,.028271480
56,1.697234708331e-08,Amp DC,.0000001,5.5,F,F,F,F,F,F,Front,F,Main,27.4985828399658,Volt DC,100,T,2W,F,F,12/18/2021,20:03:52,.424109000
57,1.731514487346e-08,Amp DC,.0000001,5.5,F,F,F,F,F,F,Front,F,Main,27.9988746643066,Volt DC,100,T,2W,F,F,12/18/2021,20:03:52,.819963920
58,1.730498944141e-08,Amp DC,.0000001,5.5,F,F,F,F,F,F,Front,F,Main,28.4985828399658,Volt DC,100,T,2W,F,F,12/18/2021,20:03:53,.215823340
59,1.722023057482e-08,Amp DC,.0000001,5.5,F,F,F,F,F,F,Front,F,Main,28.9986591339111,Volt DC,100,T,2W,F,F,12/18/2021,20:03:53,.611683960
60,1.685317307931e-08,Amp DC,.0000001,5.5,F,F,F,F,F,F,Front,F,Main,29.4985027313232,Volt DC,100,T,2W,F,F,12/18/2021,20:03:54,.007546840
61,1.704511376488e-08,Amp DC,.0000001,5.5,F,F,F,F,F,F,Front,F,Main,29.9986000061035,Volt DC,100,T,2W,F,F,12/18/2021,20:03:54,.403408920
62,1.730443521808e-08,Amp DC,.0000001,5.5,F,F,F,F,F,F,Front,F,Main,30.4988117218018,Volt DC,100,T,2W,F,F,12/18/2021,20:03:54,.799263000
63,1.726597531615e-08,Amp DC,.0000001,5.5,F,F,F,F,F,F,Front,F,Main,30.9984951019287,Volt DC,100,T,2W,F,F,12/18/2021,20:03:55,.195109600
64,1.714164810096e-08,Amp DC,.0000001,5.5,F,F,F,F,F,F,Front,F,Main,31.4985694885254,Volt DC,100,T,2W,F,F,12/18/2021,20:03:55,.590975240
65,1.68897908992e-08,Amp DC,.0000001,5.5,F,F,F,F,F,F,Front,F,Main,31.9983634948730,Volt DC,100,T,2W,F,F,12/18/2021,20:03:55,.986838400
66,1.714396091756e-08,Amp DC,.0000001,5.5,F,F,F,F,F,F,Front,F,Main,32.4991188049316,Volt DC,100,T,2W,F,F,12/18/2021,20:03:56,.382702120
67,1.734979093726e-08,Amp DC,.0000001,5.5,F,F,F,F,F,F,Front,F,Main,32.9990997314453,Volt DC,100,T,2W,F,F,12/18/2021,20:03:56,.778571800
68,1.767551083276e-08,Amp DC,.0000001,5.5,F,F,F,F,F,F,Front,F,Main,33.4990386962891,Volt DC,100,T,2W,F,F,12/18/2021,20:03:57,.174422160
69,1.797678805815e-08,Amp DC,.0000001,5.5,F,F,F,F,F,F,Front,F,Main,33.9989547729492,Volt DC,100,T,2W,F,F,12/18/2021,20:03:57,.570282920
70,1.993428178082e-08,Amp DC,.0000001,5.5,F,F,F,F,F,F,Front,F,Main,34.4988861083984,Volt DC,100,T,2W,F,F,12/18/2021,20:03:57,.966144060
71,2.206546412253e-08,Amp DC,.0000001,5.5,F,F,F,F,F,F,Front,F,Main,34.9988403320313,Volt DC,100,T,2W,F,F,12/18/2021,20:03:58,.361981720
72,2.40268018814e-08,Amp DC,.0000001,5.5,F,F,F,F,F,F,Front,F,Main,35.4991416931152,Volt DC,100,T,2W,F,F,12/18/2021,20:03:58,.757833040
73,1.942349214801e-08,Amp DC,.0000001,5.5,F,F,F,F,F,F,Front,F,Main,35.9992828369141,Volt DC,100,T,2W,F,F,12/18/2021,20:03:59,.153674540
74,1.523755344124e-08,Amp DC,.0000001,5.5,F,F,F,F,F,F,Front,F,Main,36.4992980957031,Volt DC,100,T,2W,F,F,12/18/2021,20:03:59,.549552220
75,1.318127651473e-08,Amp DC,.0000001,5.5,F,F,F,F,F,F,Front,F,Main,36.9987831115723,Volt DC,100,T,2W,F,F,12/18/2021,20:03:59,.945406600
76,1.318836861941e-08,Amp DC,.0000001,5.5,F,F,F,F,F,F,Front,F,Main,37.4987258911133,Volt DC,100,T,2W,F,F,12/18/2021,20:04:00,.341277700
77,1.320232989599e-08,Amp DC,.0000001,5.5,F,F,F,F,F,F,Front,F,Main,37.9986152648926,Volt DC,100,T,2W,F,F,12/18/2021,20:04:00,.737154780
78,1.322223397437e-08,Amp DC,.0000001,5.5,F,F,F,F,F,F,Front,F,Main,38.4985847473145,Volt DC,100,T,2W,F,F,12/18/2021,20:04:01,.133010600
79,1.307416930274e-08,Amp DC,.0000001,5.5,F,F,F,F,F,F,Front,F,Main,38.9984054565430,Volt DC,100,T,2W,F,F,12/18/2021,20:04:01,.528882620
80,1.305161401177e-08,Amp DC,.0000001,5.5,F,F,F,F,F,F,Front,F,Main,39.4982757568359,Volt DC,100,T,2W,F,F,12/18/2021,20:04:01,.924739300
81,1.316099407234e-08,Amp DC,.0000001,5.5,F,F,F,F,F,F,Front,F,Main,39.9984130859375,Volt DC,100,T,2W,F,F,12/18/2021,20:04:02,.320606960
82,1.318377229609e-08,Amp DC,.0000001,5.5,F,F,F,F,F,F,Front,F,Main,40.4986801147461,Volt DC,100,T,2W,F,F,12/18/2021,20:04:02,.716455700
83,1.313703634764e-08,Amp DC,.0000001,5.5,F,F,F,F,F,F,Front,F,Main,40.9985160827637,Volt DC,100,T,2W,F,F,12/18/2021,20:04:03,.112294500
84,1.303778685013e-08,Amp DC,.0000001,5.5,F,F,F,F,F,F,Front,F,Main,41.4986610412598,Volt DC,100,T,2W,F,F,12/18/2021,20:04:03,.508164620
85,1.306746177931e-08,Amp DC,.0000001,5.5,F,F,F,F,F,F,Front,F,Main,41.9983520507813,Volt DC,100,T,2W,F,F,12/18/2021,20:04:03,.904006140
86,1.314708164557e-08,Amp DC,.0000001,5.5,F,F,F,F,F,F,Front,F,Main,42.4985275268555,Volt DC,100,T,2W,F,F,12/18/2021,20:04:04,.299866600
87,1.318266384942e-08,Amp DC,.0000001,5.5,F,F,F,F,F,F,Front,F,Main,42.9982757568359,Volt DC,100,T,2W,F,F,12/18/2021,20:04:04,.695722360
88,1.317770337295e-08,Amp DC,.0000001,5.5,F,F,F,F,F,F,Front,F,Main,43.4985466003418,Volt DC,100,T,2W,F,F,12/18/2021,20:04:05,.091577700
89,1.299449703396e-08,Amp DC,.0000001,5.5,F,F,F,F,F,F,Front,F,Main,43.9985542297363,Volt DC,100,T,2W,F,F,12/18/2021,20:04:05,.487410740
90,1.309288322204e-08,Amp DC,.0000001,5.5,F,F,F,F,F,F,Front,F,Main,44.4982872009277,Volt DC,100,T,2W,F,F,12/18/2021,20:04:05,.883275420
91,1.317151898661e-08,Amp DC,.0000001,5.5,F,F,F,F,F,F,Front,F,Main,44.9985961914063,Volt DC,100,T,2W,F,F,12/18/2021,20:04:06,.279136040
92,1.315030129234e-08,Amp DC,.0000001,5.5,F,F,F,F,F,F,Front,F,Main,45.4980850219727,Volt DC,100,T,2W,F,F,12/18/2021,20:04:06,.674986660
93,1.309114239234e-08,Amp DC,.0000001,5.5,F,F,F,F,F,F,Front,F,Main,45.9987564086914,Volt DC,100,T,2W,F,F,12/18/2021,20:04:07,.070840820
94,1.301258212294e-08,Amp DC,.0000001,5.5,F,F,F,F,F,F,Front,F,Main,46.4990043640137,Volt DC,100,T,2W,F,F,12/18/2021,20:04:07,.466730760
95,1.308396857524e-08,Amp DC,.0000001,5.5,F,F,F,F,F,F,Front,F,Main,46.9986000061035,Volt DC,100,T,2W,F,F,12/18/2021,20:04:07,.862606660
96,1.317711006976e-08,Amp DC,.0000001,5.5,F,F,F,F,F,F,Front,F,Main,47.4988212585449,Volt DC,100,T,2W,F,F,12/18/2021,20:04:08,.258458840
97,1.319765630114e-08,Amp DC,.0000001,5.5,F,F,F,F,F,F,Front,F,Main,47.9985084533691,Volt DC,100,T,2W,F,F,12/18/2021,20:04:08,.654306680
98,1.307084662727e-08,Amp DC,.0000001,5.5,F,F,F,F,F,F,Front,F,Main,48.4990005493164,Volt DC,100,T,2W,F,F,12/18/2021,20:04:09,.050171500
99,1.301763585815e-08,Amp DC,.0000001,5.5,F,F,F,F,F,F,Front,F,Main,48.9987640380859,Volt DC,100,T,2W,F,F,12/18/2021,20:04:09,.446023560
100,1.31497639444e-08,Amp DC,.0000001,5.5,F,F,F,F,F,F,Front,F,Main,49.4986419677734,Volt DC,100,T,2W,F,F,12/18/2021,20:04:09,.841891300
101,1.319029685476e-08,Amp DC,.0000001,5.5,F,F,F,F,F,F,Front,F,Main,49.9987411499023,Volt DC,100,T,2W,F,F,12/18/2021,20:04:10,.237762420
102,1.315459297047e-08,Amp DC,.0000001,5.5,F,F,F,F,F,F,Front,F,Main,50.4988403320313,Volt DC,100,T,2W,F,F,12/18/2021,20:04:10,.633626140
103,1.305190888701e-08,Amp DC,.0000001,5.5,F,F,F,F,F,F,Front,F,Main,50.9984169006348,Volt DC,100,T,2W,F,F,12/18/2021,20:04:11,.029491140
104,1.302941754489e-08,Amp DC,.0000001,5.5,F,F,F,F,F,F,Front,F,Main,51.4983673095703,Volt DC,100,T,2W,F,F,12/18/2021,20:04:11,.425340760
105,1.315770603583e-08,Amp DC,.0000001,5.5,F,F,F,F,F,F,Front,F,Main,51.9985656738281,Volt DC,100,T,2W,F,F,12/18/2021,20:04:11,.821191020
106,1.317195419404e-08,Amp DC,.0000001,5.5,F,F,F,F,F,F,Front,F,Main,52.4983482360840,Volt DC,100,T,2W,F,F,12/18/2021,20:04:12,.217053720
107,1.312813235899e-08,Amp DC,.0000001,5.5,F,F,F,F,F,F,Front,F,Main,52.9980735778809,Volt DC,100,T,2W,F,F,12/18/2021,20:04:12,.612912480
108,1.30013395605e-08,Amp DC,.0000001,5.5,F,F,F,F,F,F,Front,F,Main,53.4980812072754,Volt DC,100,T,2W,F,F,12/18/2021,20:04:13,.008759340
109,1.31185791119e-08,Amp DC,.0000001,5.5,F,F,F,F,F,F,Front,F,Main,53.9980010986328,Volt DC,100,T,2W,F,F,12/18/2021,20:04:13,.404612880
110,1.320733034049e-08,Amp DC,.0000001,5.5,F,F,F,F,F,F,Front,F,Main,54.4982299804688,Volt DC,100,T,2W,F,F,12/18/2021,20:04:13,.800460840
111,1.320784281944e-08,Amp DC,.0000001,5.5,F,F,F,F,F,F,Front,F,Main,54.9981689453125,Volt DC,100,T,2W,F,F,12/18/2021,20:04:14,.196307780
112,1.31362396516e-08,Amp DC,.0000001,5.5,F,F,F,F,F,F,Front,F,Main,55.4980888366699,Volt DC,100,T,2W,F,F,12/18/2021,20:04:14,.592161060
113,1.300087593137e-08,Amp DC,.0000001,5.5,F,F,F,F,F,F,Front,F,Main,55.9980964660645,Volt DC,100,T,2W,F,F,12/18/2021,20:04:14,.988017980
114,1.313754083299e-08,Amp DC,.0000001,5.5,F,F,F,F,F,F,Front,F,Main,56.4980964660645,Volt DC,100,T,2W,F,F,12/18/2021,20:04:15,.383889920
115,1.3185339931e-08,Amp DC,.0000001,5.5,F,F,F,F,F,F,Front,F,Main,56.9979667663574,Volt DC,100,T,2W,F,F,12/18/2021,20:04:15,.779743160
116,1.315914133215e-08,Amp DC,.0000001,5.5,F,F,F,F,F,F,Front,F,Main,57.4982719421387,Volt DC,100,T,2W,F,F,12/18/2021,20:04:16,.175597500
117,1.303106689221e-08,Amp DC,.0000001,5.5,F,F,F,F,F,F,Front,F,Main,57.9977760314941,Volt DC,100,T,2W,F,F,12/18/2021,20:04:16,.571463440
118,1.307082175828e-08,Amp DC,.0000001,5.5,F,F,F,F,F,F,Front,F,Main,58.4980430603027,Volt DC,100,T,2W,F,F,12/18/2021,20:04:16,.967315400
119,1.314841213684e-08,Amp DC,.0000001,5.5,F,F,F,F,F,F,Front,F,Main,58.9977760314941,Volt DC,100,T,2W,F,F,12/18/2021,20:04:17,.363178960
120,1.322280951399e-08,Amp DC,.0000001,5.5,F,F,F,F,F,F,Front,F,Main,59.4982795715332,Volt DC,100,T,2W,F,F,12/18/2021,20:04:17,.759027480
121,1.320204834343e-08,Amp DC,.0000001,5.5,F,F,F,F,F,F,Front,F,Main,59.9982757568359,Volt DC,100,T,2W,F,F,12/18/2021,20:04:18,.154877240
122,1.302907470802e-08,Amp DC,.0000001,5.5,F,F,F,F,F,F,Front,F,Main,60.4985313415527,Volt DC,100,T,2W,F,F,12/18/2021,20:04:18,.550748140
123,1.310746355898e-08,Amp DC,.0000001,5.5,F,F,F,F,F,F,Front,F,Main,60.9984283447266,Volt DC,100,T,2W,F,F,12/18/2021,20:04:18,.946585620
124,1.321372877783e-08,Amp DC,.0000001,5.5,F,F,F,F,F,F,Front,F,Main,61.4981803894043,Volt DC,100,T,2W,F,F,12/18/2021,20:04:19,.342454820
125,1.331390819814e-08,Amp DC,.0000001,5.5,F,F,F,F,F,F,Front,F,Main,62.0014305114746,Volt DC,100,T,2W,F,F,12/18/2021,20:04:19,.738311320
126,1.315978082062e-08,Amp DC,.0000001,5.5,F,F,F,F,F,F,Front,F,Main,62.5013351440430,Volt DC,100,T,2W,F,F,12/18/2021,20:04:20,.134181580
127,1.302822116855e-08,Amp DC,.0000001,5.5,F,F,F,F,F,F,Front,F,Main,63.0017089843750,Volt DC,100,T,2W,F,F,12/18/2021,20:04:20,.530051660
128,1.313442776762e-08,Amp DC,.0000001,5.5,F,F,F,F,F,F,Front,F,Main,63.5014343261719,Volt DC,100,T,2W,F,F,12/18/2021,20:04:20,.925896000
129,1.319701059543e-08,Amp DC,.0000001,5.5,F,F,F,F,F,F,Front,F,Main,64.0012664794922,Volt DC,100,T,2W,F,F,12/18/2021,20:04:21,.321764500
130,1.319619880036e-08,Amp DC,.0000001,5.5,F,F,F,F,F,F,Front,F,Main,64.5013351440430,Volt DC,100,T,2W,F,F,12/18/2021,20:04:21,.717606220
131,1.311079955713e-08,Amp DC,.0000001,5.5,F,F,F,F,F,F,Front,F,Main,65.0012969970703,Volt DC,100,T,2W,F,F,12/18/2021,20:04:22,.113454800
132,1.305705055188e-08,Amp DC,.0000001,5.5,F,F,F,F,F,F,Front,F,Main,65.5013656616211,Volt DC,100,T,2W,F,F,12/18/2021,20:04:22,.509324760
133,1.314953479437e-08,Amp DC,.0000001,5.5,F,F,F,F,F,F,Front,F,Main,66.0012893676758,Volt DC,100,T,2W,F,F,12/18/2021,20:04:22,.905177060
134,1.321752307604e-08,Amp DC,.0000001,5.5,F,F,F,F,F,F,Front,F,Main,66.5007858276367,Volt DC,100,T,2W,F,F,12/18/2021,20:04:23,.301004180
135,1.322669618276e-08,Amp DC,.0000001,5.5,F,F,F,F,F,F,Front,F,Main,67.0010833740234,Volt DC,100,T,2W,F,F,12/18/2021,20:04:23,.696842800
136,1.303397922925e-08,Amp DC,.0000001,5.5,F,F,F,F,F,F,Front,F,Main,67.5007629394531,Volt DC,100,T,2W,F,F,12/18/2021,20:04:24,.092691020
137,1.311286101924e-08,Amp DC,.0000001,5.5,F,F,F,F,F,F,Front,F,Main,68.0010223388672,Volt DC,100,T,2W,F,F,12/18/2021,20:04:24,.488527380
138,1.320899922774e-08,Amp DC,.0000001,5.5,F,F,F,F,F,F,Front,F,Main,68.5009078979492,Volt DC,100,T,2W,F,F,12/18/2021,20:04:24,.884388020
139,1.324217624443e-08,Amp DC,.0000001,5.5,F,F,F,F,F,F,Front,F,Main,69.0010681152344,Volt DC,100,T,2W,F,F,12/18/2021,20:04:25,.280257960
140,1.321727882697e-08,Amp DC,.0000001,5.5,F,F,F,F,F,F,Front,F,Main,69.5010528564453,Volt DC,100,T,2W,F,F,12/18/2021,20:04:25,.676103300
141,1.306076846674e-08,Amp DC,.0000001,5.5,F,F,F,F,F,F,Front,F,Main,70.0009002685547,Volt DC,100,T,2W,F,F,12/18/2021,20:04:26,.071969140
142,1.313663400282e-08,Amp DC,.0000001,5.5,F,F,F,F,F,F,Front,F,Main,70.5004959106445,Volt DC,100,T,2W,F,F,12/18/2021,20:04:26,.467825120
143,1.326102072596e-08,Amp DC,.0000001,5.5,F,F,F,F,F,F,Front,F,Main,71.0008087158203,Volt DC,100,T,2W,F,F,12/18/2021,20:04:26,.863693160
144,1.32423050303e-08,Amp DC,.0000001,5.5,F,F,F,F,F,F,Front,F,Main,71.5005722045898,Volt DC,100,T,2W,F,F,12/18/2021,20:04:27,.259545560
145,1.318496511971e-08,Amp DC,.0000001,5.5,F,F,F,F,F,F,Front,F,Main,72.0007553100586,Volt DC,100,T,2W,F,F,12/18/2021,20:04:27,.655395400
146,1.304939711844e-08,Amp DC,.0000001,5.5,F,F,F,F,F,F,Front,F,Main,72.5005950927734,Volt DC,100,T,2W,F,F,12/18/2021,20:04:28,.051229320
147,1.320029063834e-08,Amp DC,.0000001,5.5,F,F,F,F,F,F,Front,F,Main,73.0013198852539,Volt DC,100,T,2W,F,F,12/18/2021,20:04:28,.447087460
148,1.32341435588e-08,Amp DC,.0000001,5.5,F,F,F,F,F,F,Front,F,Main,73.5011367797852,Volt DC,100,T,2W,F,F,12/18/2021,20:04:28,.842960200
149,1.324233700473e-08,Amp DC,.0000001,5.5,F,F,F,F,F,F,Front,F,Main,74.0012664794922,Volt DC,100,T,2W,F,F,12/18/2021,20:04:29,.238801080
150,1.314146924614e-08,Amp DC,.0000001,5.5,F,F,F,F,F,F,Front,F,Main,74.5012130737305,Volt DC,100,T,2W,F,F,12/18/2021,20:04:29,.634642600
151,1.30827233491e-08,Amp DC,.0000001,5.5,F,F,F,F,F,F,Front,F,Main,75.0009918212891,Volt DC,100,T,2W,F,F,12/18/2021,20:04:30,.030506700
152,1.320512588165e-08,Amp DC,.0000001,5.5,F,F,F,F,F,F,Front,F,Main,75.5010375976563,Volt DC,100,T,2W,F,F,12/18/2021,20:04:30,.426358580
153,1.32338184855e-08,Amp DC,.0000001,5.5,F,F,F,F,F,F,Front,F,Main,76.0008392333984,Volt DC,100,T,2W,F,F,12/18/2021,20:04:30,.822220860
154,1.318718556576e-08,Amp DC,.0000001,5.5,F,F,F,F,F,F,Front,F,Main,76.5007705688477,Volt DC,100,T,2W,F,F,12/18/2021,20:04:31,.218060740
155,1.310355113304e-08,Amp DC,.0000001,5.5,F,F,F,F,F,F,Front,F,Main,77.0014877319336,Volt DC,100,T,2W,F,F,12/18/2021,20:04:31,.613924800
156,1.312758080019e-08,Amp DC,.0000001,5.5,F,F,F,F,F,F,Front,F,Main,77.5006942749023,Volt DC,100,T,2W,F,F,12/18/2021,20:04:32,.009768420
157,1.321650877628e-08,Amp DC,.0000001,5.5,F,F,F,F,F,F,Front,F,Main,78.0009155273438,Volt DC,100,T,2W,F,F,12/18/2021,20:04:32,.405610520
158,1.325249510131e-08,Amp DC,.0000001,5.5,F,F,F,F,F,F,Front,F,Main,78.5004882812500,Volt DC,100,T,2W,F,F,12/18/2021,20:04:32,.801466660
159,1.319962716906e-08,Amp DC,.0000001,5.5,F,F,F,F,F,F,Front,F,Main,79.0008773803711,Volt DC,100,T,2W,F,F,12/18/2021,20:04:33,.197306660
160,1.307084662727e-08,Amp DC,.0000001,5.5,F,F,F,F,F,F,Front,F,Main,79.5007095336914,Volt DC,100,T,2W,F,F,12/18/2021,20:04:33,.593171460
161,1.321969733681e-08,Amp DC,.0000001,5.5,F,F,F,F,F,F,Front,F,Main,80.0007095336914,Volt DC,100,T,2W,F,F,12/18/2021,20:04:33,.989027520
162,1.323557352606e-08,Amp DC,.0000001,5.5,F,F,F,F,F,F,Front,F,Main,80.5007858276367,Volt DC,100,T,2W,F,F,12/18/2021,20:04:34,.384877780
163,1.32786839302e-08,Amp DC,.0000001,5.5,F,F,F,F,F,F,Front,F,Main,81.0008392333984,Volt DC,100,T,2W,F,F,12/18/2021,20:04:34,.780739480
164,1.317268694123e-08,Amp DC,.0000001,5.5,F,F,F,F,F,F,Front,F,Main,81.5006027221680,Volt DC,100,T,2W,F,F,12/18/2021,20:04:35,.176588820
165,1.309467290156e-08,Amp DC,.0000001,5.5,F,F,F,F,F,F,Front,F,Main,82.0005798339844,Volt DC,100,T,2W,F,F,12/18/2021,20:04:35,.572462560
166,1.325338505609e-08,Amp DC,.0000001,5.5,F,F,F,F,F,F,Front,F,Main,82.5008850097656,Volt DC,100,T,2W,F,F,12/18/2021,20:04:35,.968307800
167,1.328639154252e-08,Amp DC,.0000001,5.5,F,F,F,F,F,F,Front,F,Main,83.0009384155273,Volt DC,100,T,2W,F,F,12/18/2021,20:04:36,.364178440
168,1.32661392982e-08,Amp DC,.0000001,5.5,F,F,F,F,F,F,Front,F,Main,83.5003967285156,Volt DC,100,T,2W,F,F,12/18/2021,20:04:36,.760019700
169,1.317858711047e-08,Amp DC,.0000001,5.5,F,F,F,F,F,F,Front,F,Main,84.0007629394531,Volt DC,100,T,2W,F,F,12/18/2021,20:04:37,.155869640
170,1.314883846248e-08,Amp DC,.0000001,5.5,F,F,F,F,F,F,Front,F,Main,84.5003280639648,Volt DC,100,T,2W,F,F,12/18/2021,20:04:37,.551704800
171,1.326770426857e-08,Amp DC,.0000001,5.5,F,F,F,F,F,F,Front,F,Main,85.0007019042969,Volt DC,100,T,2W,F,F,12/18/2021,20:04:37,.947555180
172,1.328340726303e-08,Amp DC,.0000001,5.5,F,F,F,F,F,F,Front,F,Main,85.5005950927734,Volt DC,100,T,2W,F,F,12/18/2021,20:04:38,.343425060
173,1.323797782504e-08,Amp DC,.0000001,5.5,F,F,F,F,F,F,Front,F,Main,86.0005416870117,Volt DC,100,T,2W,F,F,12/18/2021,20:04:38,.739280360
174,1.313717046258e-08,Amp DC,.0000001,5.5,F,F,F,F,F,F,Front,F,Main,86.5008468627930,Volt DC,100,T,2W,F,F,12/18/2021,20:04:39,.135134420
175,1.319882425577e-08,Amp DC,.0000001,5.5,F,F,F,F,F,F,Front,F,Main,87.0007858276367,Volt DC,100,T,2W,F,F,12/18/2021,20:04:39,.531003960
176,1.327487364478e-08,Amp DC,.0000001,5.5,F,F,F,F,F,F,Front,F,Main,87.5006332397461,Volt DC,100,T,2W,F,F,12/18/2021,20:04:39,.926854820
177,1.328427146063e-08,Amp DC,.0000001,5.5,F,F,F,F,F,F,Front,F,Main,88.0010604858398,Volt DC,100,T,2W,F,F,12/18/2021,20:04:40,.322711080
178,1.319401743416e-08,Amp DC,.0000001,5.5,F,F,F,F,F,F,Front,F,Main,88.5005874633789,Volt DC,100,T,2W,F,F,12/18/2021,20:04:40,.718570380
179,1.31229089817e-08,Amp DC,.0000001,5.5,F,F,F,F,F,F,Front,F,Main,89.0010910034180,Volt DC,100,T,2W,F,F,12/18/2021,20:04:41,.114421100
180,1.323802578668e-08,Amp DC,.0000001,5.5,F,F,F,F,F,F,Front,F,Main,89.5009613037109,Volt DC,100,T,2W,F,F,12/18/2021,20:04:41,.510265800
181,1.328401921796e-08,Amp DC,.0000001,5.5,F,F,F,F,F,F,Front,F,Main,90.0005187988281,Volt DC,100,T,2W,F,F,12/18/2021,20:04:41,.906099240
182,1.326969645277e-08,Amp DC,.0000001,5.5,F,F,F,F,F,F,Front,F,Main,90.5004043579102,Volt DC,100,T,2W,F,F,12/18/2021,20:04:42,.301925440
183,1.315773801025e-08,Amp DC,.0000001,5.5,F,F,F,F,F,F,Front,F,Main,91.0007705688477,Volt DC,100,T,2W,F,F,12/18/2021,20:04:42,.697769720
184,1.316805064988e-08,Amp DC,.0000001,5.5,F,F,F,F,F,F,Front,F,Main,91.5005493164063,Volt DC,100,T,2W,F,F,12/18/2021,20:04:43,.093624760
185,1.326136356283e-08,Amp DC,.0000001,5.5,F,F,F,F,F,F,Front,F,Main,92.0004272460938,Volt DC,100,T,2W,F,F,12/18/2021,20:04:43,.489477980
186,1.329534082828e-08,Amp DC,.0000001,5.5,F,F,F,F,F,F,Front,F,Main,92.5003051757813,Volt DC,100,T,2W,F,F,12/18/2021,20:04:43,.885344920
187,1.327374477e-08,Amp DC,.0000001,5.5,F,F,F,F,F,F,Front,F,Main,93.0009155273438,Volt DC,100,T,2W,F,F,12/18/2021,20:04:44,.281205180
188,1.313782505008e-08,Amp DC,.0000001,5.5,F,F,F,F,F,F,Front,F,Main,93.5003433227539,Volt DC,100,T,2W,F,F,12/18/2021,20:04:44,.677066180
189,1.32202204739e-08,Amp DC,.0000001,5.5,F,F,F,F,F,F,Front,F,Main,94.0005340576172,Volt DC,100,T,2W,F,F,12/18/2021,20:04:45,.072915920
190,1.3261010956e-08,Amp DC,.0000001,5.5,F,F,F,F,F,F,Front,F,Main,94.5000457763672,Volt DC,100,T,2W,F,F,12/18/2021,20:04:45,.468787260
191,1.333077559451e-08,Amp DC,.0000001,5.5,F,F,F,F,F,F,Front,F,Main,95.0005493164063,Volt DC,100,T,2W,F,F,12/18/2021,20:04:45,.864654640
192,1.320495091051e-08,Amp DC,.0000001,5.5,F,F,F,F,F,F,Front,F,Main,95.4999465942383,Volt DC,100,T,2W,F,F,12/18/2021,20:04:46,.260505840
193,1.31417587923e-08,Amp DC,.0000001,5.5,F,F,F,F,F,F,Front,F,Main,96.0001373291016,Volt DC,100,T,2W,F,F,12/18/2021,20:04:46,.656365220
194,1.326285037351e-08,Amp DC,.0000001,5.5,F,F,F,F,F,F,Front,F,Main,96.5006103515625,Volt DC,100,T,2W,F,F,12/18/2021,20:04:47,.052242140
195,1.32871127434e-08,Amp DC,.0000001,5.5,F,F,F,F,F,F,Front,F,Main,97.0001831054688,Volt DC,100,T,2W,F,F,12/18/2021,20:04:47,.448090220
196,1.332325538783e-08,Amp DC,.0000001,5.5,F,F,F,F,F,F,Front,F,Main,97.5001907348633,Volt DC,100,T,2W,F,F,12/18/2021,20:04:47,.843946780
197,1.318071429779e-08,Amp DC,.0000001,5.5,F,F,F,F,F,F,Front,F,Main,98.0000076293945,Volt DC,100,T,2W,F,F,12/18/2021,20:04:48,.239800420
198,1.316720688038e-08,Amp DC,.0000001,5.5,F,F,F,F,F,F,Front,F,Main,98.4998855590820,Volt DC,100,T,2W,F,F,12/18/2021,20:04:48,.635664020
199,1.327499710158e-08,Amp DC,.0000001,5.5,F,F,F,F,F,F,Front,F,Main,99.0001373291016,Volt DC,100,T,2W,F,F,12/18/2021,20:04:49,.031514260
200,1.33077282527e-08,Amp DC,.0000001,5.5,F,F,F,F,F,F,Front,F,Main,99.4997863769531,Volt DC,100,T,2W,F,F,12/18/2021,20:04:49,.427370200
201,1.33396085289e-08,Amp DC,.0000001,5.5,F,F,F,F,F,F,Front,F,Main,100.0006484985352,Volt DC,100,T,2W,F,F,12/18/2021,20:04:49,.823222520
202,1.316685516173e-08,Amp DC,.0000001,5.5,F,F,F,F,F,F,Front,F,Main,100.5002670288086,Volt DC,100,T,2W,F,F,12/18/2021,20:04:50,.219064740
203,1.321851161862e-08,Amp DC,.0000001,5.5,F,F,F,F,F,F,Front,F,Main,101.0007629394531,Volt DC,100,T,2W,F,F,12/18/2021,20:04:50,.614912060
204,1.327675214213e-08,Amp DC,.0000001,5.5,F,F,F,F,F,F,Front,F,Main,101.5003280639648,Volt DC,100,T,2W,F,F,12/18/2021,20:04:51,.010747700
205,1.332452814751e-08,Amp DC,.0000001,5.5,F,F,F,F,F,F,Front,F,Main,102.0005722045898,Volt DC,100,T,2W,F,F,12/18/2021,20:04:51,.406587300
206,1.329026488861e-08,Amp DC,.0000001,5.5,F,F,F,F,F,F,Front,F,Main,102.5001220703125,Volt DC,100,T,2W,F,F,12/18/2021,20:04:51,.802432180
207,1.31972344164e-08,Amp DC,.0000001,5.5,F,F,F,F,F,F,Front,F,Main,103.0002212524414,Volt DC,100,T,2W,F,F,12/18/2021,20:04:52,.198289520
208,1.321717313374e-08,Amp DC,.0000001,5.5,F,F,F,F,F,F,Front,F,Main,103.5002746582031,Volt DC,100,T,2W,F,F,12/18/2021,20:04:52,.594143620
209,1.331799914794e-08,Amp DC,.0000001,5.5,F,F,F,F,F,F,Front,F,Main,104.0000000000000,Volt DC,100,T,2W,F,F,12/18/2021,20:04:52,.989987540
210,1.333365950984e-08,Amp DC,.0000001,5.5,F,F,F,F,F,F,Front,F,Main,104.5002212524414,Volt DC,100,T,2W,F,F,12/18/2021,20:04:53,.385849900
211,1.329180143728e-08,Amp DC,.0000001,5.5,F,F,F,F,F,F,Front,F,Main,105.0006103515625,Volt DC,100,T,2W,F,F,12/18/2021,20:04:53,.781680020
212,1.316988385014e-08,Amp DC,.0000001,5.5,F,F,F,F,F,F,Front,F,Main,105.5000228881836,Volt DC,100,T,2W,F,F,12/18/2021,20:04:54,.177539600
213,1.323479104087e-08,Amp DC,.0000001,5.5,F,F,F,F,F,F,Front,F,Main,106.0000610351563,Volt DC,100,T,2W,F,F,12/18/2021,20:04:54,.573392520
214,1.331277665884e-08,Amp DC,.0000001,5.5,F,F,F,F,F,F,Front,F,Main,106.4997711181641,Volt DC,100,T,2W,F,F,12/18/2021,20:04:54,.969252720
215,1.333425636574e-08,Amp DC,.0000001,5.5,F,F,F,F,F,F,Front,F,Main,107.0000610351563,Volt DC,100,T,2W,F,F,12/18/2021,20:04:55,.365114360
216,1.326363818777e-08,Amp DC,.0000001,5.5,F,F,F,F,F,F,Front,F,Main,107.4997940063477,Volt DC,100,T,2W,F,F,12/18/2021,20:04:55,.760963720
217,1.317464093376e-08,Amp DC,.0000001,5.5,F,F,F,F,F,F,Front,F,Main,107.9996643066406,Volt DC,100,T,2W,F,F,12/18/2021,20:04:56,.156833840
218,1.328600252037e-08,Amp DC,.0000001,5.5,F,F,F,F,F,F,Front,F,Main,108.4998168945313,Volt DC,100,T,2W,F,F,12/18/2021,20:04:56,.552665480
219,1.33389290724e-08,Amp DC,.0000001,5.5,F,F,F,F,F,F,Front,F,Main,109.0001678466797,Volt DC,100,T,2W,F,F,12/18/2021,20:04:56,.948521080
220,1.335083155141e-08,Amp DC,.0000001,5.5,F,F,F,F,F,F,Front,F,Main,109.4995574951172,Volt DC,100,T,2W,F,F,12/18/2021,20:04:57,.344359360
221,1.326892107301e-08,Amp DC,.0000001,5.5,F,F,F,F,F,F,Front,F,Main,109.9998626708984,Volt DC,100,T,2W,F,F,12/18/2021,20:04:57,.740220960
222,1.316919107097e-08,Amp DC,.0000001,5.5,F,F,F,F,F,F,Front,F,Main,110.4995651245117,Volt DC,100,T,2W,F,F,12/18/2021,20:04:58,.136080100
223,1.332145505017e-08,Amp DC,.0000001,5.5,F,F,F,F,F,F,Front,F,Main,110.9997558593750,Volt DC,100,T,2W,F,F,12/18/2021,20:04:58,.531925080
224,1.335287613813e-08,Amp DC,.0000001,5.5,F,F,F,F,F,F,Front,F,Main,111.4994430541992,Volt DC,100,T,2W,F,F,12/18/2021,20:04:58,.927773860
225,1.338651944849e-08,Amp DC,.0000001,5.5,F,F,F,F,F,F,Front,F,Main,111.9994277954102,Volt DC,100,T,2W,F,F,12/18/2021,20:04:59,.323628040
226,1.325421727927e-08,Amp DC,.0000001,5.5,F,F,F,F,F,F,Front,F,Main,112.4993820190430,Volt DC,100,T,2W,F,F,12/18/2021,20:04:59,.719481180
227,1.322572451556e-08,Amp DC,.0000001,5.5,F,F,F,F,F,F,Front,F,Main,112.9998550415039,Volt DC,100,T,2W,F,F,12/18/2021,20:05:00,.115341740
228,1.337062549567e-08,Amp DC,.0000001,5.5,F,F,F,F,F,F,Front,F,Main,113.5003509521484,Volt DC,100,T,2W,F,F,12/18/2021,20:05:00,.511164280
229,1.336572363897e-08,Amp DC,.0000001,5.5,F,F,F,F,F,F,Front,F,Main,113.9997100830078,Volt DC,100,T,2W,F,F,12/18/2021,20:05:00,.907021560
230,1.336865551593e-08,Amp DC,.0000001,5.5,F,F,F,F,F,F,Front,F,Main,114.5000534057617,Volt DC,100,T,2W,F,F,12/18/2021,20:05:01,.302855300
231,1.322022669115e-08,Amp DC,.0000001,5.5,F,F,F,F,F,F,Front,F,Main,114.9999771118164,Volt DC,100,T,2W,F,F,12/18/2021,20:05:01,.698707540
232,1.325272247499e-08,Amp DC,.0000001,5.5,F,F,F,F,F,F,Front,F,Main,115.4995269775391,Volt DC,100,T,2W,F,F,12/18/2021,20:05:02,.094536500
233,1.338129163031e-08,Amp DC,.0000001,5.5,F,F,F,F,F,F,Front,F,Main,116.0002288818359,Volt DC,100,T,2W,F,F,12/18/2021,20:05:02,.490406660
234,1.337236277266e-08,Amp DC,.0000001,5.5,F,F,F,F,F,F,Front,F,Main,116.4994735717773,Volt DC,100,T,2W,F,F,12/18/2021,20:05:02,.886276720
235,1.336384070072e-08,Amp DC,.0000001,5.5,F,F,F,F,F,F,Front,F,Main,117.0000839233398,Volt DC,100,T,2W,F,F,12/18/2021,20:05:03,.282125640
236,1.317592612793e-08,Amp DC,.0000001,5.5,F,F,F,F,F,F,Front,F,Main,117.4994583129883,Volt DC,100,T,2W,F,F,12/18/2021,20:05:03,.677976840
237,1.331339927191e-08,Amp DC,.0000001,5.5,F,F,F,F,F,F,Front,F,Main,117.9997634887695,Volt DC,100,T,2W,F,F,12/18/2021,20:05:04,.073821700
238,1.336166199906e-08,Amp DC,.0000001,5.5,F,F,F,F,F,F,Front,F,Main,118.4996871948242,Volt DC,100,T,2W,F,F,12/18/2021,20:05:04,.469669780
239,1.337324562201e-08,Amp DC,.0000001,5.5,F,F,F,F,F,F,Front,F,Main,118.9995117187500,Volt DC,100,T,2W,F,F,12/18/2021,20:05:04,.865515040
240,1.327078802404e-08,Amp DC,.0000001,5.5,F,F,F,F,F,F,Front,F,Main,119.4995880126953,Volt DC,100,T,2W,F,F,12/18/2021,20:05:05,.261357440
241,1.321417641975e-08,Amp DC,.0000001,5.5,F,F,F,F,F,F,Front,F,Main,119.9997329711914,Volt DC,100,T,2W,F,F,12/18/2021,20:05:05,.657210200
242,1.331517562875e-08,Amp DC,.0000001,5.5,F,F,F,F,F,F,Front,F,Main,120.4993209838867,Volt DC,100,T,2W,F,F,12/18/2021,20:05:06,.053049240
243,1.337951172076e-08,Amp DC,.0000001,5.5,F,F,F,F,F,F,Front,F,Main,120.9995117187500,Volt DC,100,T,2W,F,F,12/18/2021,20:05:06,.448892520
244,1.339741118045e-08,Amp DC,.0000001,5.5,F,F,F,F,F,F,Front,F,Main,121.4996566772461,Volt DC,100,T,2W,F,F,12/18/2021,20:05:06,.844738800
245,1.327658782913e-08,Amp DC,.0000001,5.5,F,F,F,F,F,F,Front,F,Main,121.9992370605469,Volt DC,100,T,2W,F,F,12/18/2021,20:05:07,.240588940
246,1.321567122403e-08,Amp DC,.0000001,5.5,F,F,F,F,F,F,Front,F,Main,122.4987335205078,Volt DC,100,T,2W,F,F,12/18/2021,20:05:07,.636437280
247,1.337870259022e-08,Amp DC,.0000001,5.5,F,F,F,F,F,F,Front,F,Main,122.9992980957031,Volt DC,100,T,2W,F,F,12/18/2021,20:05:08,.032290120
248,1.3395223597e-08,Amp DC,.0000001,5.5,F,F,F,F,F,F,Front,F,Main,123.4988937377930,Volt DC,100,T,2W,F,F,12/18/2021,20:05:08,.428129160
249,1.339734279071e-08,Amp DC,.0000001,5.5,F,F,F,F,F,F,Front,F,Main,123.9990081787109,Volt DC,100,T,2W,F,F,12/18/2021,20:05:08,.823968180
250,1.325087950477e-08,Amp DC,.0000001,5.5,F,F,F,F,F,F,Front,F,Main,124.4991760253906,Volt DC,100,T,2W,F,F,12/18/2021,20:05:09,.219824460
251,1.327749377111e-08,Amp DC,.0000001,5.5,F,F,F,F,F,F,Front,F,Main,124.9993591308594,Volt DC,100,T,2W,F,F,12/18/2021,20:05:09,.615670900
252,1.336087862569e-08,Amp DC,.0000001,5.5,F,F,F,F,F,F,Front,F,Main,125.4988098144531,Volt DC,100,T,2W,F,F,12/18/2021,20:05:10,.011524460
253,1.338844768384e-08,Amp DC,.0000001,5.5,F,F,F,F,F,F,Front,F,Main,125.9988174438477,Volt DC,100,T,2W,F,F,12/18/2021,20:05:10,.407349320
254,1.333473242937e-08,Amp DC,.0000001,5.5,F,F,F,F,F,F,Front,F,Main,126.4987182617188,Volt DC,100,T,2W,F,F,12/18/2021,20:05:10,.803200160
255,1.32502320227e-08,Amp DC,.0000001,5.5,F,F,F,F,F,F,Front,F,Main,126.9994812011719,Volt DC,100,T,2W,F,F,12/18/2021,20:05:11,.199039160
256,1.331496335411e-08,Amp DC,.0000001,5.5,F,F,F,F,F,F,Front,F,Main,127.4991378784180,Volt DC,100,T,2W,F,F,12/18/2021,20:05:11,.594881860
257,1.339561084279e-08,Amp DC,.0000001,5.5,F,F,F,F,F,F,Front,F,Main,127.9992904663086,Volt DC,100,T,2W,F,F,12/18/2021,20:05:11,.990738580
258,1.338975952336e-08,Amp DC,.0000001,5.5,F,F,F,F,F,F,Front,F,Main,128.4992675781250,Volt DC,100,T,2W,F,F,12/18/2021,20:05:12,.386581860
259,1.327847964916e-08,Amp DC,.0000001,5.5,F,F,F,F,F,F,Front,F,Main,128.9992980957031,Volt DC,100,T,2W,F,F,12/18/2021,20:05:12,.782425920
260,1.322870257781e-08,Amp DC,.0000001,5.5,F,F,F,F,F,F,Front,F,Main,129.4990844726563,Volt DC,100,T,2W,F,F,12/18/2021,20:05:13,.178282040
261,1.335395705127e-08,Amp DC,.0000001,5.5,F,F,F,F,F,F,Front,F,Main,129.9991455078125,Volt DC,100,T,2W,F,F,12/18/2021,20:05:13,.574120240
262,1.340630895186e-08,Amp DC,.0000001,5.5,F,F,F,F,F,F,Front,F,Main,130.4991760253906,Volt DC,100,T,2W,F,F,12/18/2021,20:05:13,.969970080
263,1.341251110176e-08,Amp DC,.0000001,5.5,F,F,F,F,F,F,Front,F,Main,130.9991302490234,Volt DC,100,T,2W,F,F,12/18/2021,20:05:14,.365816960
264,1.328538257184e-08,Amp DC,.0000001,5.5,F,F,F,F,F,F,Front,F,Main,131.4987640380859,Volt DC,100,T,2W,F,F,12/18/2021,20:05:14,.761671320
265,1.327868126566e-08,Amp DC,.0000001,5.5,F,F,F,F,F,F,Front,F,Main,131.9991149902344,Volt DC,100,T,2W,F,F,12/18/2021,20:05:15,.157533780
266,1.340028266128e-08,Amp DC,.0000001,5.5,F,F,F,F,F,F,Front,F,Main,132.4989624023438,Volt DC,100,T,2W,F,F,12/18/2021,20:05:15,.553384420
267,1.344916533697e-08,Amp DC,.0000001,5.5,F,F,F,F,F,F,Front,F,Main,132.9994659423828,Volt DC,100,T,2W,F,F,12/18/2021,20:05:15,.949236280
268,1.336949395636e-08,Amp DC,.0000001,5.5,F,F,F,F,F,F,Front,F,Main,133.4986877441406,Volt DC,100,T,2W,F,F,12/18/2021,20:05:16,.345089480
269,1.324645104717e-08,Amp DC,.0000001,5.5,F,F,F,F,F,F,Front,F,Main,133.9991302490234,Volt DC,100,T,2W,F,F,12/18/2021,20:05:16,.740942160
270,1.330570764679e-08,Amp DC,.0000001,5.5,F,F,F,F,F,F,Front,F,Main,134.4982757568359,Volt DC,100,T,2W,F,F,12/18/2021,20:05:17,.136807700
271,1.341749200634e-08,Amp DC,.0000001,5.5,F,F,F,F,F,F,Front,F,Main,134.9988708496094,Volt DC,100,T,2W,F,F,12/18/2021,20:05:17,.532664260
272,1.341129696186e-08,Amp DC,.0000001,5.5,F,F,F,F,F,F,Front,F,Main,135.4989471435547,Volt DC,100,T,2W,F,F,12/18/2021,20:05:17,.928530820
273,1.332051802194e-08,Amp DC,.0000001,5.5,F,F,F,F,F,F,Front,F,Main,135.9984893798828,Volt DC,100,T,2W,F,F,12/18/2021,20:05:18,.324395460
274,1.324537191039e-08,Amp DC,.0000001,5.5,F,F,F,F,F,F,Front,F,Main,136.4985504150391,Volt DC,100,T,2W,F,F,12/18/2021,20:05:18,.720249960
275,1.337266830603e-08,Amp DC,.0000001,5.5,F,F,F,F,F,F,Front,F,Main,136.9987945556641,Volt DC,100,T,2W,F,F,12/18/2021,20:05:19,.116099020
276,1.341868216542e-08,Amp DC,.0000001,5.5,F,F,F,F,F,F,Front,F,Main,137.4985961914063,Volt DC,100,T,2W,F,F,12/18/2021,20:05:19,.511963080
277,1.345115041573e-08,Amp DC,.0000001,5.5,F,F,F,F,F,F,Front,F,Main,137.9984588623047,Volt DC,100,T,2W,F,F,12/18/2021,20:05:19,.907792000
278,1.330272159095e-08,Amp DC,.0000001,5.5,F,F,F,F,F,F,Front,F,Main,138.4980621337891,Volt DC,100,T,2W,F,F,12/18/2021,20:05:20,.303668000
279,1.328785081967e-08,Amp DC,.0000001,5.5,F,F,F,F,F,F,Front,F,Main,138.9985504150391,Volt DC,100,T,2W,F,F,12/18/2021,20:05:20,.699529260
280,1.341303423885e-08,Amp DC,.0000001,5.5,F,F,F,F,F,F,Front,F,Main,139.4980316162109,Volt DC,100,T,2W,F,F,12/18/2021,20:05:21,.095388980
281,1.343397038056e-08,Amp DC,.0000001,5.5,F,F,F,F,F,F,Front,F,Main,139.9982757568359,Volt DC,100,T,2W,F,F,12/18/2021,20:05:21,.491242800
282,1.341329802784e-08,Amp DC,.0000001,5.5,F,F,F,F,F,F,Front,F,Main,140.4982299804688,Volt DC,100,T,2W,F,F,12/18/2021,20:05:21,.887085640
283,1.330285481771e-08,Amp DC,.0000001,5.5,F,F,F,F,F,F,Front,F,Main,140.9992523193359,Volt DC,100,T,2W,F,F,12/18/2021,20:05:22,.282934180
284,1.329599630395e-08,Amp DC,.0000001,5.5,F,F,F,F,F,F,Front,F,Main,141.4986572265625,Volt DC,100,T,2W,F,F,12/18/2021,20:05:22,.678807820
285,1.339804889255e-08,Amp DC,.0000001,5.5,F,F,F,F,F,F,Front,F,Main,141.9985809326172,Volt DC,100,T,2W,F,F,12/18/2021,20:05:23,.074670720
286,1.341855337955e-08,Amp DC,.0000001,5.5,F,F,F,F,F,F,Front,F,Main,142.4983978271484,Volt DC,100,T,2W,F,F,12/18/2021,20:05:23,.470533160
287,1.338067168177e-08,Amp DC,.0000001,5.5,F,F,F,F,F,F,Front,F,Main,142.9985809326172,Volt DC,100,T,2W,F,F,12/18/2021,20:05:23,.866390640
288,1.325651410866e-08,Amp DC,.0000001,5.5,F,F,F,F,F,F,Front,F,Main,143.4983062744141,Volt DC,100,T,2W,F,F,12/18/2021,20:05:24,.262247460
289,1.338076049962e-08,Amp DC,.0000001,5.5,F,F,F,F,F,F,Front,F,Main,143.9988250732422,Volt DC,100,T,2W,F,F,12/18/2021,20:05:24,.658075080
290,1.344696975991e-08,Amp DC,.0000001,5.5,F,F,F,F,F,F,Front,F,Main,144.4983520507813,Volt DC,100,T,2W,F,F,12/18/2021,20:05:25,.053938440
291,1.346006328617e-08,Amp DC,.0000001,5.5,F,F,F,F,F,F,Front,F,Main,144.9989929199219,Volt DC,100,T,2W,F,F,12/18/2021,20:05:25,.449800560
292,1.330234855601e-08,Amp DC,.0000001,5.5,F,F,F,F,F,F,Front,F,Main,145.4983062744141,Volt DC,100,T,2W,F,F,12/18/2021,20:05:25,.845665260
293,1.32753870119e-08,Amp DC,.0000001,5.5,F,F,F,F,F,F,Front,F,Main,145.9983367919922,Volt DC,100,T,2W,F,F,12/18/2021,20:05:26,.241508480
294,1.338846367105e-08,Amp DC,.0000001,5.5,F,F,F,F,F,F,Front,F,Main,146.4986724853516,Volt DC,100,T,2W,F,F,12/18/2021,20:05:26,.637341120
295,1.343908273554e-08,Amp DC,.0000001,5.5,F,F,F,F,F,F,Front,F,Main,146.9985961914063,Volt DC,100,T,2W,F,F,12/18/2021,20:05:27,.033188040
296,1.339250665922e-08,Amp DC,.0000001,5.5,F,F,F,F,F,F,Front,F,Main,147.4982299804688,Volt DC,100,T,2W,F,F,12/18/2021,20:05:27,.429032540
297,1.331651766634e-08,Amp DC,.0000001,5.5,F,F,F,F,F,F,Front,F,Main,147.9983673095703,Volt DC,100,T,2W,F,F,12/18/2021,20:05:27,.824889660
298,1.330672638744e-08,Amp DC,.0000001,5.5,F,F,F,F,F,F,Front,F,Main,148.4980163574219,Volt DC,100,T,2W,F,F,12/18/2021,20:05:28,.220745000
299,1.344992472951e-08,Amp DC,.0000001,5.5,F,F,F,F,F,F,Front,F,Main,148.9986267089844,Volt DC,100,T,2W,F,F,12/18/2021,20:05:28,.616586500
300,1.344719269269e-08,Amp DC,.0000001,5.5,F,F,F,F,F,F,Front,F,Main,149.4979095458984,Volt DC,100,T,2W,F,F,12/18/2021,20:05:29,.012438500
301,1.342208300059e-08,Amp DC,.0000001,5.5,F,F,F,F,F,F,Front,F,Main,149.9983367919922,Volt DC,100,T,2W,F,F,12/18/2021,20:05:29,.408267300
302,1.324071785547e-08,Amp DC,.0000001,5.5,F,F,F,F,F,F,Front,F,Main,150.4978637695313,Volt DC,100,T,2W,F,F,12/18/2021,20:05:29,.804126100
303,1.340128452654e-08,Amp DC,.0000001,5.5,F,F,F,F,F,F,Front,F,Main,150.9981079101563,Volt DC,100,T,2W,F,F,12/18/2021,20:05:30,.199966200
304,1.34310589317e-08,Amp DC,.0000001,5.5,F,F,F,F,F,F,Front,F,Main,151.4976654052734,Volt DC,100,T,2W,F,F,12/18/2021,20:05:30,.595821060
305,1.344044964213e-08,Amp DC,.0000001,5.5,F,F,F,F,F,F,Front,F,Main,151.9980926513672,Volt DC,100,T,2W,F,F,12/18/2021,20:05:30,.991689240
306,1.335531063518e-08,Amp DC,.0000001,5.5,F,F,F,F,F,F,Front,F,Main,152.4980010986328,Volt DC,100,T,2W,F,F,12/18/2021,20:05:31,.387536320
307,1.335664645552e-08,Amp DC,.0000001,5.5,F,F,F,F,F,F,Front,F,Main,153.0007781982422,Volt DC,100,T,2W,F,F,12/18/2021,20:05:31,.783395600
308,1.344353339761e-08,Amp DC,.0000001,5.5,F,F,F,F,F,F,Front,F,Main,153.5019073486328,Volt DC,100,T,2W,F,F,12/18/2021,20:05:32,.179237840
309,1.343233613227e-08,Amp DC,.0000001,5.5,F,F,F,F,F,F,Front,F,Main,154.0009765625000,Volt DC,100,T,2W,F,F,12/18/2021,20:05:32,.575099680
310,1.348362310694e-08,Amp DC,.0000001,5.5,F,F,F,F,F,F,Front,F,Main,154.5015869140625,Volt DC,100,T,2W,F,F,12/18/2021,20:05:32,.970957920
311,1.327646170779e-08,Amp DC,.0000001,5.5,F,F,F,F,F,F,Front,F,Main,155.0017700195313,Volt DC,100,T,2W,F,F,12/18/2021,20:05:33,.366811980
312,1.333874877218e-08,Amp DC,.0000001,5.5,F,F,F,F,F,F,Front,F,Main,155.5015563964844,Volt DC,100,T,2W,F,F,12/18/2021,20:05:33,.762664300
313,1.34191768808e-08,Amp DC,.0000001,5.5,F,F,F,F,F,F,Front,F,Main,156.0013885498047,Volt DC,100,T,2W,F,F,12/18/2021,20:05:34,.158506560
314,1.346425015925e-08,Amp DC,.0000001,5.5,F,F,F,F,F,F,Front,F,Main,156.5011444091797,Volt DC,100,T,2W,F,F,12/18/2021,20:05:34,.554349420
315,1.34223459014e-08,Amp DC,.0000001,5.5,F,F,F,F,F,F,Front,F,Main,157.0015258789063,Volt DC,100,T,2W,F,F,12/18/2021,20:05:34,.950204640
316,1.329744492296e-08,Amp DC,.0000001,5.5,F,F,F,F,F,F,Front,F,Main,157.5021514892578,Volt DC,100,T,2W,F,F,12/18/2021,20:05:35,.346058720
317,1.339074273687e-08,Amp DC,.0000001,5.5,F,F,F,F,F,F,Front,F,Main,158.0012054443359,Volt DC,100,T,2W,F,F,12/18/2021,20:05:35,.741923740
318,1.344713318474e-08,Amp DC,.0000001,5.5,F,F,F,F,F,F,Front,F,Main,158.5012512207031,Volt DC,100,T,2W,F,F,12/18/2021,20:05:36,.137781420
319,1.346248801326e-08,Amp DC,.0000001,5.5,F,F,F,F,F,F,Front,F,Main,159.0014953613281,Volt DC,100,T,2W,F,F,12/18/2021,20:05:36,.533622940
320,1.335526178536e-08,Amp DC,.0000001,5.5,F,F,F,F,F,F,Front,F,Main,159.5012207031250,Volt DC,100,T,2W,F,F,12/18/2021,20:05:36,.929451760
321,1.329094700964e-08,Amp DC,.0000001,5.5,F,F,F,F,F,F,Front,F,Main,160.0010223388672,Volt DC,100,T,2W,F,F,12/18/2021,20:05:37,.325315080
322,1.344406097559e-08,Amp DC,.0000001,5.5,F,F,F,F,F,F,Front,F,Main,160.5016326904297,Volt DC,100,T,2W,F,F,12/18/2021,20:05:37,.721188520
323,1.348505307419e-08,Amp DC,.0000001,5.5,F,F,F,F,F,F,Front,F,Main,161.0013122558594,Volt DC,100,T,2W,F,F,12/18/2021,20:05:38,.117030540
324,1.345417821597e-08,Amp DC,.0000001,5.5,F,F,F,F,F,F,Front,F,Main,161.5014343261719,Volt DC,100,T,2W,F,F,12/18/2021,20:05:38,.512908160
325,1.328549270596e-08,Amp DC,.0000001,5.5,F,F,F,F,F,F,Front,F,Main,162.0009155273438,Volt DC,100,T,2W,F,F,12/18/2021,20:05:38,.908732720
326,1.336710475641e-08,Amp DC,.0000001,5.5,F,F,F,F,F,F,Front,F,Main,162.5013122558594,Volt DC,100,T,2W,F,F,12/18/2021,20:05:39,.304581000
327,1.343721400815e-08,Amp DC,.0000001,5.5,F,F,F,F,F,F,Front,F,Main,163.0008392333984,Volt DC,100,T,2W,F,F,12/18/2021,20:05:39,.700410440
328,1.352244005659e-08,Amp DC,.0000001,5.5,F,F,F,F,F,F,Front,F,Main,163.5013732910156,Volt DC,100,T,2W,F,F,12/18/2021,20:05:40,.096248300
329,1.339511435106e-08,Amp DC,.0000001,5.5,F,F,F,F,F,F,Front,F,Main,164.0008239746094,Volt DC,100,T,2W,F,F,12/18/2021,20:05:40,.492119760
330,1.329105447923e-08,Amp DC,.0000001,5.5,F,F,F,F,F,F,Front,F,Main,164.5011138916016,Volt DC,100,T,2W,F,F,12/18/2021,20:05:40,.887965200
331,1.341676902911e-08,Amp DC,.0000001,5.5,F,F,F,F,F,F,Front,F,Main,165.0005950927734,Volt DC,100,T,2W,F,F,12/18/2021,20:05:41,.283811560
332,1.348198441775e-08,Amp DC,.0000001,5.5,F,F,F,F,F,F,Front,F,Main,165.5009918212891,Volt DC,100,T,2W,F,F,12/18/2021,20:05:41,.679644200
333,1.346888023335e-08,Amp DC,.0000001,5.5,F,F,F,F,F,F,Front,F,Main,166.0014190673828,Volt DC,100,T,2W,F,F,12/18/2021,20:05:42,.075482980
334,1.333706833861e-08,Amp DC,.0000001,5.5,F,F,F,F,F,F,Front,F,Main,166.5005340576172,Volt DC,100,T,2W,F,F,12/18/2021,20:05:42,.471317760
335,1.332711274671e-08,Amp DC,.0000001,5.5,F,F,F,F,F,F,Front,F,Main,167.0005645751953,Volt DC,100,T,2W,F,F,12/18/2021,20:05:42,.867176900
336,1.348513301025e-08,Amp DC,.0000001,5.5,F,F,F,F,F,F,Front,F,Main,167.5009918212891,Volt DC,100,T,2W,F,F,12/18/2021,20:05:43,.263026180
337,1.347973910271e-08,Amp DC,.0000001,5.5,F,F,F,F,F,F,Front,F,Main,168.0009918212891,Volt DC,100,T,2W,F,F,12/18/2021,20:05:43,.658886880
338,1.345491451588e-08,Amp DC,.0000001,5.5,F,F,F,F,F,F,Front,F,Main,168.5012817382813,Volt DC,100,T,2W,F,F,12/18/2021,20:05:44,.054732720
339,1.332949572941e-08,Amp DC,.0000001,5.5,F,F,F,F,F,F,Front,F,Main,169.0009307861328,Volt DC,100,T,2W,F,F,12/18/2021,20:05:44,.450576220
340,1.340732591615e-08,Amp DC,.0000001,5.5,F,F,F,F,F,F,Front,F,Main,169.5018005371094,Volt DC,100,T,2W,F,F,12/18/2021,20:05:44,.846414520
341,1.344452993379e-08,Amp DC,.0000001,5.5,F,F,F,F,F,F,Front,F,Main,170.0008850097656,Volt DC,100,T,2W,F,F,12/18/2021,20:05:45,.242276560
342,1.350765099772e-08,Amp DC,.0000001,5.5,F,F,F,F,F,F,Front,F,Main,170.5010528564453,Volt DC,100,T,2W,F,F,12/18/2021,20:05:45,.638115960
343,1.340820787732e-08,Amp DC,.0000001,5.5,F,F,F,F,F,F,Front,F,Main,171.0008850097656,Volt DC,100,T,2W,F,F,12/18/2021,20:05:46,.033974500
344,1.332149768274e-08,Amp DC,.0000001,5.5,F,F,F,F,F,F,Front,F,Main,171.5014648437500,Volt DC,100,T,2W,F,F,12/18/2021,20:05:46,.429826800
345,1.340981459208e-08,Amp DC,.0000001,5.5,F,F,F,F,F,F,Front,F,Main,172.0008087158203,Volt DC,100,T,2W,F,F,12/18/2021,20:05:46,.825692800
346,1.346985101236e-08,Amp DC,.0000001,5.5,F,F,F,F,F,F,Front,F,Main,172.5006866455078,Volt DC,100,T,2W,F,F,12/18/2021,20:05:47,.221548720
347,1.351875678068e-08,Amp DC,.0000001,5.5,F,F,F,F,F,F,Front,F,Main,173.0009307861328,Volt DC,100,T,2W,F,F,12/18/2021,20:05:47,.617386040
348,1.338064681278e-08,Amp DC,.0000001,5.5,F,F,F,F,F,F,Front,F,Main,173.5009460449219,Volt DC,100,T,2W,F,F,12/18/2021,20:05:48,.013234740
349,1.33369661981e-08,Amp DC,.0000001,5.5,F,F,F,F,F,F,Front,F,Main,174.0007476806641,Volt DC,100,T,2W,F,F,12/18/2021,20:05:48,.409078280
350,1.345847255863e-08,Amp DC,.0000001,5.5,F,F,F,F,F,F,Front,F,Main,174.5013885498047,Volt DC,100,T,2W,F,F,12/18/2021,20:05:48,.804916380
351,1.345971867295e-08,Amp DC,.0000001,5.5,F,F,F,F,F,F,Front,F,Main,175.0005340576172,Volt DC,100,T,2W,F,F,12/18/2021,20:05:49,.200754360
352,1.348908096332e-08,Amp DC,.0000001,5.5,F,F,F,F,F,F,Front,F,Main,175.5008087158203,Volt DC,100,T,2W,F,F,12/18/2021,20:05:49,.596594460
353,1.335019295112e-08,Amp DC,.0000001,5.5,F,F,F,F,F,F,Front,F,Main,176.0003356933594,Volt DC,100,T,2W,F,F,12/18/2021,20:05:49,.992434140
354,1.338909694226e-08,Amp DC,.0000001,5.5,F,F,F,F,F,F,Front,F,Main,176.5007781982422,Volt DC,100,T,2W,F,F,12/18/2021,20:05:50,.388292480
355,1.347168332444e-08,Amp DC,.0000001,5.5,F,F,F,F,F,F,Front,F,Main,177.0006713867188,Volt DC,100,T,2W,F,F,12/18/2021,20:05:50,.784150160
356,1.349339839862e-08,Amp DC,.0000001,5.5,F,F,F,F,F,F,Front,F,Main,177.5010681152344,Volt DC,100,T,2W,F,F,12/18/2021,20:05:51,.180022340
357,1.343734279402e-08,Amp DC,.0000001,5.5,F,F,F,F,F,F,Front,F,Main,178.0006866455078,Volt DC,100,T,2W,F,F,12/18/2021,20:05:51,.575875480
358,1.335138044567e-08,Amp DC,.0000001,5.5,F,F,F,F,F,F,Front,F,Main,178.5007629394531,Volt DC,100,T,2W,F,F,12/18/2021,20:05:51,.971748400
359,1.341203503813e-08,Amp DC,.0000001,5.5,F,F,F,F,F,F,Front,F,Main,179.0001525878906,Volt DC,100,T,2W,F,F,12/18/2021,20:05:52,.367590960
360,1.351210077161e-08,Amp DC,.0000001,5.5,F,F,F,F,F,F,Front,F,Main,179.5007324218750,Volt DC,100,T,2W,F,F,12/18/2021,20:05:52,.763433200
361,1.350037237557e-08,Amp DC,.0000001,5.5,F,F,F,F,F,F,Front,F,Main,180.0004730224609,Volt DC,100,T,2W,F,F,12/18/2021,20:05:53,.159281900
362,1.339785438148e-08,Amp DC,.0000001,5.5,F,F,F,F,F,F,Front,F,Main,180.5004425048828,Volt DC,100,T,2W,F,F,12/18/2021,20:05:53,.555143160
363,1.333434695994e-08,Amp DC,.0000001,5.5,F,F,F,F,F,F,Front,F,Main,181.0002593994141,Volt DC,100,T,2W,F,F,12/18/2021,20:05:53,.950986400
364,1.346724953777e-08,Amp DC,.0000001,5.5,F,F,F,F,F,F,Front,F,Main,181.5011901855469,Volt DC,100,T,2W,F,F,12/18/2021,20:05:54,.346818720
365,1.348119038624e-08,Amp DC,.0000001,5.5,F,F,F,F,F,F,Front,F,Main,182.0008544921875,Volt DC,100,T,2W,F,F,12/18/2021,20:05:54,.742674900
366,1.351029599306e-08,Amp DC,.0000001,5.5,F,F,F,F,F,F,Front,F,Main,182.5008087158203,Volt DC,100,T,2W,F,F,12/18/2021,20:05:55,.138517180
367,1.340547850504e-08,Amp DC,.0000001,5.5,F,F,F,F,F,F,Front,F,Main,183.0007629394531,Volt DC,100,T,2W,F,F,12/18/2021,20:05:55,.534385540
368,1.335199861785e-08,Amp DC,.0000001,5.5,F,F,F,F,F,F,Front,F,Main,183.5007781982422,Volt DC,100,T,2W,F,F,12/18/2021,20:05:55,.930227960
369,1.348194889061e-08,Amp DC,.0000001,5.5,F,F,F,F,F,F,Front,F,Main,184.0007019042969,Volt DC,100,T,2W,F,F,12/18/2021,20:05:56,.326071240
370,1.35162414594e-08,Amp DC,.0000001,5.5,F,F,F,F,F,F,Front,F,Main,184.5008087158203,Volt DC,100,T,2W,F,F,12/18/2021,20:05:56,.721918700
371,1.350533818112e-08,Amp DC,.0000001,5.5,F,F,F,F,F,F,Front,F,Main,185.0005645751953,Volt DC,100,T,2W,F,F,12/18/2021,20:05:57,.117769160
372,1.343490652062e-08,Amp DC,.0000001,5.5,F,F,F,F,F,F,Front,F,Main,185.5018920898438,Volt DC,100,T,2W,F,F,12/18/2021,20:05:57,.513617540
373,1.335137422842e-08,Amp DC,.0000001,5.5,F,F,F,F,F,F,Front,F,Main,186.0004882812500,Volt DC,100,T,2W,F,F,12/18/2021,20:05:57,.909468640
374,1.351746536926e-08,Amp DC,.0000001,5.5,F,F,F,F,F,F,Front,F,Main,186.5007781982422,Volt DC,100,T,2W,F,F,12/18/2021,20:05:58,.305333740
375,1.35068205509e-08,Amp DC,.0000001,5.5,F,F,F,F,F,F,Front,F,Main,187.0003967285156,Volt DC,100,T,2W,F,F,12/18/2021,20:05:58,.701171980
376,1.351723266652e-08,Amp DC,.0000001,5.5,F,F,F,F,F,F,Front,F,Main,187.5009155273438,Volt DC,100,T,2W,F,F,12/18/2021,20:05:59,.097023660
377,1.340499533597e-08,Amp DC,.0000001,5.5,F,F,F,F,F,F,Front,F,Main,188.0010070800781,Volt DC,100,T,2W,F,F,12/18/2021,20:05:59,.492885560
378,1.340039990083e-08,Amp DC,.0000001,5.5,F,F,F,F,F,F,Front,F,Main,188.5003204345703,Volt DC,100,T,2W,F,F,12/18/2021,20:05:59,.888720560
379,1.35183979566e-08,Amp DC,.0000001,5.5,F,F,F,F,F,F,Front,F,Main,189.0004730224609,Volt DC,100,T,2W,F,F,12/18/2021,20:06:00,.284591060
380,1.353404055493e-08,Amp DC,.0000001,5.5,F,F,F,F,F,F,Front,F,Main,189.5005493164063,Volt DC,100,T,2W,F,F,12/18/2021,20:06:00,.680445260
381,1.347504419158e-08,Amp DC,.0000001,5.5,F,F,F,F,F,F,Front,F,Main,190.0001068115234,Volt DC,100,T,2W,F,F,12/18/2021,20:06:01,.076307880
382,1.338064503642e-08,Amp DC,.0000001,5.5,F,F,F,F,F,F,Front,F,Main,190.4998626708984,Volt DC,100,T,2W,F,F,12/18/2021,20:06:01,.472157340
383,1.344422884131e-08,Amp DC,.0000001,5.5,F,F,F,F,F,F,Front,F,Main,191.0003051757813,Volt DC,100,T,2W,F,F,12/18/2021,20:06:01,.868005380
384,1.35243247712e-08,Amp DC,.0000001,5.5,F,F,F,F,F,F,Front,F,Main,191.5005035400391,Volt DC,100,T,2W,F,F,12/18/2021,20:06:02,.263858080
385,1.350406986234e-08,Amp DC,.0000001,5.5,F,F,F,F,F,F,Front,F,Main,191.9996185302734,Volt DC,100,T,2W,F,F,12/18/2021,20:06:02,.659700100
386,1.350062373007e-08,Amp DC,.0000001,5.5,F,F,F,F,F,F,Front,F,Main,192.5001525878906,Volt DC,100,T,2W,F,F,12/18/2021,20:06:03,.055572460
387,1.337551136515e-08,Amp DC,.0000001,5.5,F,F,F,F,F,F,Front,F,Main,192.9998321533203,Volt DC,100,T,2W,F,F,12/18/2021,20:06:03,.451427980
388,1.344998068475e-08,Amp DC,.0000001,5.5,F,F,F,F,F,F,Front,F,Main,193.5004119873047,Volt DC,100,T,2W,F,F,12/18/2021,20:06:03,.847292580
389,1.350590661531e-08,Amp DC,.0000001,5.5,F,F,F,F,F,F,Front,F,Main,194.0000305175781,Volt DC,100,T,2W,F,F,12/18/2021,20:06:04,.243122940
390,1.353239031943e-08,Amp DC,.0000001,5.5,F,F,F,F,F,F,Front,F,Main,194.5002136230469,Volt DC,100,T,2W,F,F,12/18/2021,20:06:04,.638961960
391,1.350027822866e-08,Amp DC,.0000001,5.5,F,F,F,F,F,F,Front,F,Main,195.0005187988281,Volt DC,100,T,2W,F,F,12/18/2021,20:06:05,.034816820
392,1.337677169033e-08,Amp DC,.0000001,5.5,F,F,F,F,F,F,Front,F,Main,195.5004119873047,Volt DC,100,T,2W,F,F,12/18/2021,20:06:05,.430670400
393,1.350055978122e-08,Amp DC,.0000001,5.5,F,F,F,F,F,F,Front,F,Main,196.0001983642578,Volt DC,100,T,2W,F,F,12/18/2021,20:06:05,.826543760
394,1.355788636914e-08,Amp DC,.0000001,5.5,F,F,F,F,F,F,Front,F,Main,196.5007171630859,Volt DC,100,T,2W,F,F,12/18/2021,20:06:06,.222386120
395,1.352916534358e-08,Amp DC,.0000001,5.5,F,F,F,F,F,F,Front,F,Main,197.0000305175781,Volt DC,100,T,2W,F,F,12/18/2021,20:06:06,.618247940
396,1.347594036361e-08,Amp DC,.0000001,5.5,F,F,F,F,F,F,Front,F,Main,197.5006561279297,Volt DC,100,T,2W,F,F,12/18/2021,20:06:07,.014091780
397,1.337540567192e-08,Amp DC,.0000001,5.5,F,F,F,F,F,F,Front,F,Main,198.0005798339844,Volt DC,100,T,2W,F,F,12/18/2021,20:06:07,.409931300
398,1.350182987636e-08,Amp DC,.0000001,5.5,F,F,F,F,F,F,Front,F,Main,198.5001678466797,Volt DC,100,T,2W,F,F,12/18/2021,20:06:07,.805812720
399,1.352933320931e-08,Amp DC,.0000001,5.5,F,F,F,F,F,F,Front,F,Main,198.9998779296875,Volt DC,100,T,2W,F,F,12/18/2021,20:06:08,.201654260
400,1.358986789768e-08,Amp DC,.0000001,5.5,F,F,F,F,F,F,Front,F,Main,199.5005645751953,Volt DC,100,T,2W,F,F,12/18/2021,20:06:08,.597505560
401,1.340958011298e-08,Amp DC,.0000001,5.5,F,F,F,F,F,F,Front,F,Main,199.9999389648438,Volt DC,100,T,2W,F,F,12/18/2021,20:06:08,.993378680
